question,correct_answer,incorrect_answer
HOW AFRICAN AMERICANS WERE IMMIGRATED TO THE US,"As such, African immigrants are to be distinguished from African American people, the latter of whom are descendants of mostly West and Central Africans who were involuntarily brought to the United States by means of the historic Atlantic slave trade .","From the Immigration and Nationality Act of 1965 to 2007, an estimated total of 0.8 to 0.9 million Africans immigrated to the United States, accounting for roughly 3.3% of total immigration to the United States during this period."
what are points on a mortgage,"Points, sometimes also called a ""discount point"", are a form of pre-paid interest .",Discount points may be different from origination fee or broker fee .
how does interlibrary loan work,"The user makes a request with their local library, which, acting as an intermediary, identifies owners of the desired item, places the request, receives the item, makes it available to the user, and arranges for its return.",The lending library usually sets the due date and overdue fees of the material borrowed.
WHAT IS A FY QUARTER,"A fiscal year (or financial year, or sometimes budget year) is a period used for calculating annual (""yearly"") financial statements in businesses and other organizations.",Fiscal years vary between businesses and countries.
who wrote a rose is a rose is a rose,"The sentence ""Rose is a rose is a rose is a rose."" was written by Gertrude Stein as part of the 1913 poem Sacred Emily, which appeared in the 1922 book Geography and Plays.","In Stein's view, the sentence expresses the fact that simply using the name of a thing already invokes the imagery and emotions associated with it, an idea also intensively discussed in the problem of universals debate where Peter Abelard and others used the rose as an example concept."
what is a notary for,"A notary public (or notary or public notary) in the common law world is a public officer constituted by law to serve the public in non-contentious matters usually concerned with estates, deeds, powers-of-attorney, and foreign and international business.",Any such act is known as a notarization.
what bacteria grow on macconkey agar,MacConkey agar is a culture medium designed to grow Gram-negative bacteria and differentiate them for lactose fermentation .,Lactose
who played the lead roles in the movie leaving las vegas,Nicolas Cage stars as a suicidal alcoholic who has ended his personal and professional life to drink himself to death in Las Vegas .,"After limited release in the United States on October 27, 1995, Leaving Las Vegas made its nationwide release on February 9, 1996, receiving strong praise from critics and audiences."
what is a CMM machine,A coordinate measuring machine is a device for measuring the physical geometrical characteristics of an object.,Measurements are defined by a probe attached to the third moving axis of this machine.
what percentage of water in in the body,"Arthur Guyton 's Textbook of Medical Physiology states that ""the total amount of water in a man of average weight (70 kilograms) is approximately 40 litres, averaging 57 percent of his total body weight.","Transcellular fluid (a.k.a. ""third space,"" normally ignored in calculations)"
what is a day care for?,"Child care or day care is the care of a child during the day by a person other than the child's legal guardians , typically performed by someone outside the child's immediate family .","Some childminders care for children from several families at the same time, either in their own home (commonly known as ""family day care"" in Australia) or in a specialized child care facility."
where does a flea live,"Fleas are external parasites , living by hematophagy off the blood of mammals and birds .",Northern rat flea (Nosopsyllus fasciatus)
what is a group of deer called,Deer (singular and plural) are the ruminant mammals forming the family Cervidae.,In this they differ from permanently horned animals such as antelope ; these are in the same order as deer and may bear a superficial resemblance.
what state was john mccain a senator in during the 2008 election,"Democrat Barack Obama , then the junior Senator from Illinois , defeated Republican John McCain , the senior Senator from Arizona .","It was held on Tuesday, November 4, 2008."
how did harmon killebrew get strong,"With quick hands and exceptional upper-body strength, Killebrew was known not just for the frequency of his home runs but also for their distance.","Killebrew was a 6-foot tall, 195-pound hitter with a compact swing that generated tremendous power."
where do crocodiles live,"Crocodiles (subfamily Crocodylinae) or true crocodiles are large aquatic tetrapods that live throughout the tropics in Africa , Asia , the Americas and Australia .","All crocodiles are semiaquatic and tend to congregate in freshwater habitats such as rivers , lakes , wetlands and sometimes in brackish water and saltwater ."
what relates to erosion,"Water and wind erosion are now the two primary causes of land degradation ; combined, they are responsible for 84% of degraded acreage, making excessive erosion one of the most significant global environmental problems.","Industrial agriculture , deforestation , roads , anthropogenic climate change and urban sprawl are amongst the most significant human activities in regard to their effect on stimulating erosion."
where in oregon is albany,"It is located in the Willamette Valley at the confluence of the Calapooia River and the Willamette River in both Linn and Benton counties, just east of Corvallis and south of Salem .","Albany has a home rule charter , a council–manager government , and a full-time unelected city manager ."
what year did isaac newton die,Sir Isaac Newton (25 December 164220 March 1727) was an English physicist and mathematician who is widely regarded as one of the most influential scientists of all time and as a key figure in the scientific revolution .,Newton built the first practical reflecting telescope and developed a theory of colour based on the observation that a prism decomposes white light into the many colours of the visible spectrum .
How much did Waterboy grossed,"The movie was extremely profitable, earning $161.5 million in North America alone.","The portrayal is one of a stereotypical Cajun from the bayous of South Louisiana, not the typical stereotype of a Southerner."
where fourth of july came from,"Independence Day, commonly known as the Fourth of July, is a federal holiday in the United States commemorating the adoption of the Declaration of Independence on July 4, 1776, declaring independence from the Kingdom of Great Britain .","Independence Day is commonly associated with fireworks , parades, barbecues , carnivals, fairs, picnics, concerts, baseball games , family reunions , and political speeches and ceremonies, in addition to various other public and private events celebrating the history, government, and traditions of the United States."
what are layers of the ionosphere,"The ionosphere is a region of the upper atmosphere , from about to altitude, and includes the thermosphere and parts of the mesosphere and exosphere .",Relationship of the atmosphere and ionosphere
what is a newsgroup message,"A Usenet newsgroup is a usually within the Usenet system, for messages posted from many users in different locations.",Newsreader software is used to read newsgroups.
what are some legal uses of meth,"Although rarely prescribed, methamphetamine hydrochloride is approved by the U.S. Food and Drug Administration (FDA) for the treatment of attention deficit hyperactivity disorder and obesity under the trade name Desoxyn.","Illicitly, methamphetamine may be sold either as pure dextromethamphetamine or in a racemic mixture."
Where does the word baptism come from,"Baptism (from the Greek noun βάπτισμα baptisma; itself derived from βαπτισμός baptismos, washing) is a Christian rite of admission (or adoption ), almost invariably with the use of water, into the Christian Church generally and also a particular church tradition.","The term ""baptism"" has also been used to refer to any ceremony, trial, or experience by which a person is initiated, purified, or given a name—see Other initiation ceremonies ."
what school did Zach Thomas play for before making it in to the NFL,"He played college football for Texas Tech University , and was recognized as an All-American .","Zachary Michael Thomas (born September 1, 1973) is a former American college and professional football player who was a linebacker in the National Football League (NFL) for thirteen seasons."
what order is the moth,"A moth is an insect related to the butterfly , both being of the order Lepidoptera .","Most species of moth are nocturnal , but there are crepuscular and diurnal species."
what kind of school is MIT,"The MIT Sloan School of Management (also known as MIT Sloan or Sloan) is the business school of the Massachusetts Institute of Technology , in Cambridge , Massachusetts , USA .","MIT Sloan places great emphasis on innovation and invention , and many of the world's most famous management and finance theories—including the Black–Scholes model, the binomial options pricing model , the Modigliani–Miller theorem , the neoclassical growth model , the random walk hypothesis , Theory X and Theory Y , and the field of System Dynamics —were developed at the school."
what part of the earth's structure is believed to consist of tectonic plates,"On Earth, there are seven or eight major plates (depending on how they are defined) and many minor plates.","The relative importance of each of these factors is unclear, and is still subject to debate (see also below)."
what is a letterbox movie,Letterboxing is the practice of transferring film shot in a widescreen aspect ratio to standard-width video formats while preserving the film's original aspect ratio.,LTBX is the identifying abbreviation for films and images so formatted.
what is a popular people meter,A people meter is an audience measurement tool used to measure the viewing habits of TV and cable audiences.,It identifies each household member's age and sex.
when to use semicolon,The Italian printer Aldus Manutius the Elder established the practice of using the semicolon to separate words of opposed meaning and to indicate interdependent statements.,"However, the semi-colon is used frequently in academic writing."
who sang black velvet,"""Black Velvet"" is a blues verse with a rock chorus written by Canadian songwriters Christopher Ward and David Tyson , recorded by Canadian singer songwriter Alannah Myles .",It was released in December 1989 as one of four singles from Myles' 1989 eponymous CD from Atlantic Records.
WHAT ARE HERITABLE TRAITS,heritability of a trait within a population is the proportion of observable differences in a trait between individuals within a population that is due to genetic differences.,Here we see why heritability is specific to a particular population in a particular environment.
what year was christianity introduced to sub-saharan africa,Christianity in Africa began in Egypt in the middle of the 1st century.,"Important Africans who influenced the early development of Christianity include Tertullian , Clement of Alexandria , Origen of Alexandria , Cyprian , Athanasius and Augustine of Hippo ."
what is a D.O. stand for medical doctor,Doctor of Osteopathic Medicine (D.O. or DO) is a professional doctoral degree for physicians offered by medical schools in the United States .,"Currently, there are 29 medical schools with 37 locations throughout the United States that offer the D.O. degree, and 141 medical schools that offer the M.D. degree."
what is a wwII theater,"The European Theatre of World War II, also known as the European War, was a huge area of heavy fighting across Europe from Germany's invasion of Poland on September 1, 1939 until the end of the war with the German unconditional surrender on May 8, 1945 ( V-E Day ).",The Allied forces fought the Axis powers on two fronts (the Eastern Front and Western Front ) as well as in the adjoining Mediterranean and Middle East Theatre .
how is whooping cough distinguished from similar diseases,"Symptoms are initially mild, and then develop into severe coughing fits, which produce the namesake high-pitched ""whoop"" sound in infected babies and children when they inhale air after coughing.","Although treatment is of little direct benefit to the person infected, antibiotics are recommended because they shorten the duration of infectiousness."
who invaded north africa during ww2,"Operation Torch (initially called Operation Gymnast) was the British – American invasion of French North Africa in World War II during the North African Campaign , started on 8 November 1942.","While the American commanders favored Operation Sledgehammer , landing in Occupied Europe as soon as possible, the British commanders believed that such a course would end in disaster."
when does the royal standard fly?,The Royal Standard is flown at royal residences only when the sovereign is present.,"When controversy arose regarding the lack of a flag at half-staff over Buckingham Palace following the death of Diana, Princess of Wales in 1997, a compromise was reached whereby the Union Flag was flown at half-staff."
What are the lateral and median apertures of the brain?,"It is an opening in each lateral extremity of the lateral recess of the fourth ventricle of the human brain , which also has a single median aperture .",The structure is also called the lateral aperture of the fourth ventricle or the foramen of Luschka after anatomist Hubert von Luschka .
what part of the pig do pork chops come from,"A pork chop is a chop of pork (a meat chop ) cut perpendicularly to the spine of the pig and usually containing a rib or part of a vertebra, served as an individual portion.","Pork chops, cooked and served."
what are the parts of plant stems?,"The stem is normally divided into nodes and internodes, the nodes hold buds which grow into one or more leaves , inflorescence (flowers), conifer cones , roots , other stems etc.",The stems keep the leaves in the light and provide a place for the plant to keep its flowers and fruits.
what is an army specialist,"Specialist (abbreviated ""SPC"") is one of the four junior enlisted ranks in the U.S. Army , just above Private First Class and equivalent in pay grade to Corporal .","Unlike Corporals, Specialists are not considered junior non-commissioned officers (NCOs)."
when did spongebob first air,"The pilot episode of SpongeBob SquarePants first aired in the United States on Nickelodeon on May 1, 1999, following the Nickelodeon Kids' Choice Awards .","When Rocko's Modern Life ended in 1996, Hillenburg began working on SpongeBob SquarePants."
what are d.o. of medicine,"Holders of the D.O. degree are known as osteopathic physicians and have the same rights, privileges, and responsibilities as physicians with a Doctor of Medicine degree (M.D.).","There are over 77,784 D.O. physicians in the United States, of which 69,429 are in active practice."
what is active learning strategies,Active learning is an umbrella term that refers to several models of instruction that focus the responsibility of learning on learners.,"In this report they discuss a variety of methodologies for promoting ""active learning""."
who sang I want to dance with somebody,"""I Wanna Dance with Somebody (Who Loves Me)"" is the first single from Whitney Houston 's second studio album Whitney .","It was eventually surpassed by her version of "" I Will Always Love You ""."
what type of business is walmart,"Wal-Mart Stores, Inc. (), branded as Walmart, is an American multinational retail corporation that runs chains of large discount department stores and warehouse stores.","In 2009, it generated 51 percent of its US$258 billion sales in the U.S. from grocery business."
what causes heart disease,The causes of cardiovascular disease are diverse but atherosclerosis and/or hypertension are the most common.,"Cardiovascular disease (also called heart disease) is a class of diseases that involve the heart or blood vessels ( arteries , capillaries , and veins )."
when did qing dynasty begin,"The Qing Dynasty, also Empire of the Great Qing or Great Qing, was the last imperial dynasty of China , ruling from 1644 to 1912 with a brief, abortive restoration in 1917.",""" Unequal Treaties "" provided for extraterritoriality and removed large areas of treaty ports from Chinese sovereignty."
who owns youtube,"In November 2006, YouTube, LLC was bought by Google for US$1.65 billion, and operates as a subsidiary of Google.","Most of the content on YouTube has been uploaded by individuals, although media corporations including CBS , the BBC , Vevo , Hulu , and other organizations offer some of their material via the site, as part of the YouTube partnership program."
what countries did immigrants come from during the immigration,"The history of immigration to the United States is a continuing story of peoples from more populated continents, particularly Europe and also Africa and Asia, crossing oceans to the new land.",Attitudes toward new immigrants have cycled between favorable and hostile since the 1790s.
when did texas become a state,In 1845 it joined the United States as the 28th state.,"Texas is the second most populous and the second-largest of the 50 states in the United States of America , and the largest state in the 48 contiguous United States ."
who made the matrix,"The Matrix is a 1999 American–Australian science fiction action film written and directed by The Wachowski Brothers and starring Keanu Reeves , Laurence Fishburne , Carrie-Anne Moss , Joe Pantoliano , and Hugo Weaving .","Despite this, the film has since appeared in lists of the greatest science fiction films , and in 2012, was added to the National Film Registry for preservation."
what are some six sigma tools used,"It uses a set of quality management methods, including statistical methods , and creates a special infrastructure of people within the organization (""Champions"", ""Black Belts"", ""Green Belts"", ""Orange Belts"", etc.) who are experts in these very complex methods.","The term Six Sigma originated from terminology associated with manufacturing, specifically terms associated with statistical modeling of manufacturing processes ."
who created massey ferguson,"The company was formed by a merger between Massey Harris and the Ferguson Company farm machinery manufacturer in 1953, creating the company Massey Harris Ferguson.",A Massey Ferguson MF 3660 tractor from the early 1990s
where do the mohawks live,"Kanien'kehá:ka (""People of the Place of Flint"") are an Iroquoian -speaking indigenous people of North America originally from the Mohawk Valley in upstate New York .","They call themselves Kanien'gehaga, people of the place of the flint."
when did proof die,"DeShaun Dupree Holton (October 2, 1973 – April 11, 2006), better known by his stage name Proof, was an American rapper and actor from Detroit , Michigan .","During his career, he was a member of the groups Goon Squad, 5 Elementz, Promatic, and most notably, D12 ."
when did ww1 end?,World War I (WWI) was a global war centred in Europe that began on 28 July 1914 and lasted until 11 November 1918.,"Within weeks, the major powers were at war and, via their colonies, the conflict soon spread around the world."
what year did mexico gain independence from spain,"The Mexican War of Independence (1810–1821) was an armed conflict between the people of Mexico and the Spanish colonial authorities which started on September 16, 1810.","The movement, which became known as the Mexican War of Independence, was led by Mexican-born Spaniards , Mestizos and Amerindians who sought independence from Spain."
what year was smokey the bear invented,"An advertising campaign featuring Smokey was created in 1944 with the slogan, ""Smokey Says – Care Will Prevent 9 out of 10 Forest Fires"".","The fictional character Smokey Bear, created by the art critic Harold Rosenberg , is administered by three entities: the United States Forest Service , the National Association of State Foresters , and the Ad Council ."
who said tv is a vast wasteland,"Newton Norman Minow (born January 17, 1926) is an American attorney and former Chairman of the Federal Communications Commission .","While still maintaining a law practice, Minow is currently the Honorary Consul General of Singapore in Chicago ."
what is a duvet cover used for,"A duvet ( or ; ; from the French duvet ""down""), also known as a doona in Australian English or a continental quilt (or simply quilt) in British English , but this usage is no longer common, is a type of bedding , a soft flat bag filled with down , feathers , wool , silk or a synthetic alternative, and protected with a removable cover, analogous to a pillow and pillow case.","Duvets originated in rural Europe and were made from the down feathers of the eider duck , known for its usefulness as a thermal insulator ."
who did mr bojangles,"""Mr. Bojangles"" is the title of a song originally written and recorded by American country music artist Jerry Jeff Walker for his 1968 album of the same title.","Live versions of the song appeared on Walker 's 1977 Album, A Man Must Carry On and his 1980 album The Best of Jerry Jeff Walker."
where does angela davis currently work,"She is a retired professor with the History of Consciousness Department at the University of California, Santa Cruz , and is the former director of the university's Feminist Studies department.","She was tried and acquitted of suspected involvement in the Soledad brothers ' August 1970 abduction and murder of Judge Harold Haley in Marin County, California ."
who wrote west side story,"West Side Story is an American musical with a book by Arthur Laurents , music by Leonard Bernstein , lyrics by Stephen Sondheim , and conception and choreography by Jerome Robbins .","The play spawned an innovative 1961 musical film of the same name , directed by Robert Wise and Robbins, starring Natalie Wood , Richard Beymer , Rita Moreno , George Chakiris and Russ Tamblyn ."
who has brad pitt dated,"Following a high-profile relationship with actress Gwyneth Paltrow , Pitt was married to actress Jennifer Aniston for five years.","William Bradley ""Brad"" Pitt (born December 18, 1963) is an American actor and film producer."
what year was President kennedy president?,"John Fitzgerald ""Jack"" Kennedy (May 29, 1917 – November 22, 1963), often referred to by his initials JFK, was the 35th President of the United States , serving from 1961 until his death in 1963.","It involved certain forced relocation, village internment, and segregation of rural South Vietnamese from the northern and southern communist insurgents."
what is a monarch to a monarchy,A monarchy is a form of government in which sovereignty is actually or nominally embodied in a single individual (the monarch ).,"The monarchs of Cambodia, Japan, Jordan, Malaysia and Morocco ""reign, but do not rule"" although there is considerable variation in the amount of authority they wield."
what can sql 2005 do,"As a database, it is a software product whose primary function is to store and retrieve data as requested by other software applications, be it those on the same computer or those running on another computer across a network (including the Internet).","There are at least a dozen different editions of Microsoft SQL Server aimed at different audiences and for different workloads (ranging from small applications that store and retrieve data on the same computer, to millions of users and computers that access huge amounts of data from the Internet at the same time)."
who sang momma told me not to come,"""Mama Told Me (Not to Come)"" is a song by Randy Newman written for Eric Burdon 's first solo album in 1966.",Three Dog Night 's 1970 cover of the song topped the U.S. pop singles charts.
who designed the statue of liberty,"The Statue of Liberty (Liberty Enlightening the World; French: La Liberté éclairant le monde) is a neoclassical sculpture on Liberty Island in New York Harbor , designed by Frédéric Bartholdi and dedicated on October 28, 1886.",The torch-bearing arm displayed at the Centennial Exposition in 1876 and in New York's Madison Square Park from 1876 to 1882.
who wrote second corinthians,"Paul the Apostle and ""Timothy our brother"" wrote this epistle to ""the church of God which is at Corinth , with all the saints which are in all Achaia "".","The Second Epistle to the Corinthians, often referred to as Second Corinthians (and written as 2 Corinthians), is the eighth book of the New Testament of the Bible."
who first synthesized heroin,"Heroin (diacetylmorphine or morphine diacetate ( INN )), also known as diamorphine ( BAN ), and colloquially as H, smack, horse, brown, black, tar, and other names, is an opioid analgesic synthesized by C.R. Alder Wright in 1874 by adding two acetyl groups to the molecule morphine , found in the opium poppy .","When it is used in a medical environment, it is referred to as diamorphine."
what type of land is savannah,"A savanna, or savannah, is a grassland ecosystem characterized by the trees being sufficiently widely spaced so that the canopy does not close.",Savannas are associated with several types of biomes .
who set the world record for women for high jump,"Stefka Kostadinova ( Bulgaria ) has held the women's world record at since 1987, also the longest-held record in the event.",The high jump is a track and field athletics event in which competitors must jump over a horizontal bar placed at measured heights without the aid of certain devices.
what type of ecosystem does stingrays live in,"Stingrays are common in coastal tropical and subtropical marine waters throughout the world, and also includes species found in warmer temperate oceans, such as Dasyatis thetidis , and those found in the deep ocean , such as Plesiobatis daviesi .","Most stingrays have one or more barbed stings (modified from dermal denticles ) on the tail, which are used exclusively in self-defense."
what religion is primary in africa?,The continent's various populations and individuals are mostly adherents of Christianity or Islam .,"Religion in Africa is multifaceted and has been a major influence on art , culture and philosophy ."
when did marlins start,The Miami Marlins began play in the 1993 season as the Florida Marlins.,"They played home games from their inaugural season to the 2011 season at Sun Life Stadium , which they shared with the Miami Dolphins of the National Football League (NFL) and which was also called Joe Robbie Stadium, Pro Player Park, Pro Player Stadium, Dolphin Stadium, Dolphins Stadium, and Land Shark Stadium during their tenancy."
What are the different translations for the Bible,"The Bible has been translated into many languages from the biblical languages of Hebrew , Aramaic and Greek .",English Bible translations in particular have a rich and varied history of more than a millennium.
when did ms .drgs go into effect,"DRGs have been used in the US since 1982 to determine how much Medicare pays the hospital for each ""product"", since patients within each category are clinically similar and are expected to use the same level of hospital resources.","The system is also referred to as ""the DRGs"", and its intent was to identify the ""products"" that a hospital provides."
what would be the deliverables,"A deliverable could be a report, a document, a server upgrade or any other building block of an overall project.",Deliverable is a term used in project management to describe a tangible or intangible object produced as a result of the project that is intended to be delivered to a customer (either internal or external).
what is a google in math,"A googol is the large number 10100; that is, the digit 1 followed by 100 zeroes :","In the binary numeral system , one would need 333 bits to represent a googol, i.e., 1 googol ≈ 2332.19, or exactly ."
who makes skittles?,"Skittles is a brand of fruit-flavoured sweets , currently produced and marketed by the Wm. Wrigley Jr. Company , a division of Mars, Inc.","The confectionery has been sold in a variety of flavour collections, such as Tropical and Wild Berry."
What is a 28 day cycle?,"This article focuses on the human menstrual cycle, a ""monthly"" cycle that can vary around an average of ~28 days per cycle.",Menstrual cycles are counted from the first day of menstrual bleeding.
who won the 1967 nba championship,"The 76ers won the series over the Warriors, 4-2.","The 1967 NBA World Championship Series was the championship series of the 1966-67 National Basketball Association season , and was the conclusion of the 1967 NBA Playoffs ."
who make airbus,"Airbus SAS (, , , ) is an aircraft manufacturing subsidiary of EADS , a European aerospace company.","Consolidation of European defence and aerospace companies in 1999 and 2000 allowed the establishment of a simplified joint-stock company in 2001, owned by EADS (80%) and BAE Systems (20%)."
who wrote the song for star wars,"The music of Star Wars consists of the scores written for all six Star Wars films by composer John Williams from 1977 to 1983 for the Original Trilogy , and 1999 to 2005 for the Prequel Trilogy .","First performed in London , it went on to tour across the United States and Canada , last playing at London, Ontario, Canada on July 25, 2010."
what are private labels,Private label products or services are typically those manufactured or provided by one company for offer under another company's brand .,"Swedish grocery store where private label products (under the brands ' and Eldorado , Axfood ) are placed along with other brands such as Knorr ( Unilever ) and ' ( Campbell Soup )."
what is a neuro tract,"A neural pathway, neural tract, or neural face, connects one part of the nervous system with another and usually consists of bundles of elongated, myelin -insulated neurons , known collectively as white matter .","Neural pathways serve to connect relatively distant areas of the brain or nervous system, compared to the local communication of grey matter ."
when did dr.carter g woodson die,"Carter Godwin Woodson (December 19, 1875April 3, 1950) was an African-American historian , author , journalist and the founder of the Association for the Study of African American Life and History .","A founder of Journal of Negro History , Woodson has been cited as the father of black history ."
what makes of the united states,"The United States of America (USA or U.S.A.), commonly called the United States (US or U.S.) or America, is a federal republic consisting of fifty states and a federal district .","Paleoindians migrated from Asia to what is now the United States mainland around 15,000 years ago."
what are circumpolar constellations,"In astronomy, the circumpolar constellations are constellations that never set from the viewer's perspective.","Also, its altitude for a given place is fixed and its value is given by the following formula: A = 90-Ø."
what states allow same sex marriage,"As of May 2013, ten states— Connecticut , Iowa , Maine , Maryland , Massachusetts , New Hampshire , New York , Rhode Island , Vermont , and Washington —as well as the District of Columbia and three Native American tribes —have legalized same-sex marriage, representing 16.1% of the U.S. population.","The movement to obtain marriage rights and benefits for same-sex couples in the United States began in the 1970s, but became more prominent in U.S. politics in 1993 when the Hawaii Supreme Court declared the state's prohibition to be unconstitutional in Baehr v. Lewin ."
who wrote the song hallelujah,"""Hallelujah"" is a song written by Canadian singer-songwriter Leonard Cohen , originally released on his album Various Positions (1984).","In a New York Times review of this, Janet Maslin praises the book and the song, noting that ""Cohen spent years struggling with his song 'Hallelujah.' . . ."
what years was the 18th century,"The 18th century lasted from January 1, 1701 to December 31, 1800 in the Gregorian calendar .",1700 CE world map
what year was the eiffel tower made,"Erected in 1889 as the entrance arch to the 1889 World's Fair , it has become both a global cultural icon of France and one of the most recognizable structures in the world.",The third and highest level is accessible only by lift—stairs do exist but are usually closed to the public.
what species is a spider,Spiders ( order Araneae) are air-breathing arthropods that have eight legs and chelicerae with fangs that inject venom .,"A herbivorous species, Bagheera kiplingi , was described in 2008, but all other known species are predators , mostly preying on insects and on other spiders, although a few large species also take birds and lizards."
what is adoration catholic church,"Eucharistic adoration is a practice in the Roman Catholic Church , and in a few Anglican and Lutheran churches, in which the Blessed Sacrament is exposed and adored by the faithful.",Authors such as the Venerable Concepcion Cabrera de Armida and Blessed Maria Candida of the Eucharist have produced large volumes of text based on their Eucharistic meditations.
Where Elephants Live,"Elephants are scattered throughout sub-Saharan Africa , and South and Southeast Asia .","Adult bulls mostly interact with family groups when looking for a mate and enter a state of increased testosterone and aggression known as musth , which helps them gain dominance and reproductive success."
how old was sue lyon when she made lolita,"The actress who played Lolita, Sue Lyon , was fourteen at the time of filming.","Kubrick later commented that, had he realized how severe the censorship limitations were going to be, he probably never would have made the film."
who is flo from progressive,"She is played by actress and comedian Stephanie Courtney , and has a fan base on social networks like Facebook .","In 2011, Progressive introduced an Australian counterpart to Flo, named Kitty, played by Australian actress Holly Austin."
what is petit lemans,"The Petit Le Mans ( French for little Le Mans) is a sports car endurance race held annually at Road Atlanta in Braselton, Georgia , USA.","Rinaldo Capello holds the record of most race wins, having won in 2000 , 2002 , 2006 , 2007 and 2008 ."
where is humboldt ks,"Humboldt is a city situated along the Neosho River in the southwest part of Allen County , located in southeast Kansas , in the Central United States .","As of the 2010 census , the city population was 1,953."
what is chep pallet,"CHEP (Commonwealth Handling Equipment Pool) is an international company dealing in pallet and container pooling services, serving customers in a range of industrial and retail supply chains .",CHEP is owned by Brambles Limited .
what is the ingredient in mustard,"Mustard (or yellow sauce) is a condiment made from the seeds of a mustard plant (white or yellow mustard, Sinapis hirta ; brown or Indian mustard, Brassica juncea ; or black mustard, B. nigra ).",Mustard seeds (top-left) may be ground (top-right) to make different kinds of mustard.
who are the members of the climax blues band?,"The original members were guitarist/vocalist Peter Haycock , guitarist Derek Holt; keyboardist Arthur Wood; bassist Richard Jones; drummer George Newsome; and lead vocalist and saxophonist Colin Cooper.","That song and ""I Love You"" were American hits as well; ""Couldn't Get It Right"" reached No. 3 on the Billboard Hot 100 in 1977, and ""I Love You"" peaked at No. 12 in 1981."
WHAT IS PARESTHESIAS OF HANDS,"Paresthesia ( or ), is a sensation of tickling, tingling, burning, pricking, or numbness of a person's skin with no apparent long-term physical effect.",The manifestation of paresthesia may be transient or chronic.
where is cougar town filmed,"Filming for the series takes place at Culver Studios in Culver City, California .","The third season, consisting of 15 episodes, was originally slated to premiere in November 2011 but due to ABC's promotion of the ill-fated Man Up!"
what is the population of san francisco,"San Francisco is the fourth most populous city in California, after Los Angeles , San Diego and San Jose , and the 14th most populous city in the United States—with a population of 805,235 as of the 2010 Census.","After the war, the confluence of returning servicemen, massive immigration, liberalizing attitudes, and other factors led to the Summer of Love and the gay rights movement, cementing San Francisco as a center of liberal activism in the United States ."
what is rock of ages about,"Rock of Ages is a rock / jukebox musical , with a book by Chris D'Arienzo, built around classic rock hits from the 1980s, especially from the famous glam metal bands of the decade.",Arrangements for the original Los Angeles production were furnished by David Gibbs.
what is general chu chicken,"General Tso's chicken (sometimes Governor Tso's chicken, General Gau's chicken, General Tao's chicken, General Tsao's chicken, General Tong's chicken, General Tang's chicken or simply General's Chicken) is a sweet , slightly spicy , deep-fried chicken dish that is popularly served in North American Chinese restaurants.","The dish is reported to have been introduced to New York City in the early 1970s as an example of Hunan cooking , though it is not typical of Hunanese cuisine, which is traditionally very spicy and rarely sweet."
what was the city of Mithridates,"Mithridates VI or Mithradates VI (), from Old Persian Mithradatha, ""gift of Mithra ""; 134–63 BC, also known as Mithradates the Great (Megas) and Eupator Dionysius, was king of Pontus and Armenia Minor in northern Anatolia (now Turkey ) from about 120–63 BC.",He was also the greatest ruler of the Kingdom of Pontus.
who is basketball star antoine walker,"Antoine Devon Walker (born August 12, 1976) is an American former professional basketball player.",He was drafted with the sixth overall pick in the 1996 NBA Draft out of the University of Kentucky and played in the NBA from 1996 to 2008.
what does righteousness mean,"It is an attribute that implies that a person's actions are justified, and can have the connotation that the person has been ""judged"" or ""reckoned"" as leading a life that is pleasing to the god/s portrayed in these belief systems.","He used it to translate the Hebrew root צדקים (TzDYQ), tzedek , which appears more than five hundred times in the Hebrew Bible , and the Greek word (dikaios), which appears more than two hundred times in the New Testament ."
WHere is a famous alluvial plain,"The Mississippi River Alluvial Plain is an alluvial plain created by the Mississippi River on which lies parts of seven U.S. states , from southern Louisiana to southern Illinois .","It is the largest ecoregion of Louisiana, covering , and including all of the historic Mississippi River floodplain ."
what is the si unit of pressure,Everyday pressures are often stated in kilopascals (1 kPa = 1000 Pa).,A pressure of 1 Pa is small; it approximately equals the pressure exerted by a dollar bill resting flat on a table.
what is the great basin area,The Great Basin is the largest area of endorheic watersheds in North America .,"The region spans several physiographic divisions, biomes / ecoregions , and deserts ."
what is in a tequila sunrise?,"The Tequila Sunrise is a cocktail made in two different ways, the original ( tequila , crème de cassis , lime juice and soda water ) and the more popular concoction ( tequila , orange juice , and grenadine syrup ).","Originally served at the Arizona Biltmore Hotel , where it was created by Gene Sulit in the 1930s or 1940s, the cocktail is named for the way it looks after it has been poured into a glass."
what is the function of the liver,"It has a wide range of functions, including detoxification , protein synthesis , and production of biochemicals necessary for digestion .","The liver's highly specialized tissues regulate a wide variety of high-volume biochemical reactions, including the synthesis and breakdown of small and complex molecules, many of which are necessary for normal vital functions."
what is the formula for calcium nitrate,"Calcium nitrate, also called Norgessalpeter (Norwegian saltpeter), is the inorganic compound with the formula Ca(NO3)2.",This colourless salt absorbs moisture from the air and is commonly found as a tetrahydrate .
where is the 2011 mlb all star game location,"The event was held on Tuesday, July 12, 2011 at Chase Field in Phoenix, Arizona , home of the National League Arizona Diamondbacks .","With a combination of injuries and rule enforcements, a record 84 players were named to the All-Star rosters."
what is customary at shiva,"This state lasts for seven days, during which family members traditionally gather in one home (preferably the home of the deceased) and receive visitors.",This garment is worn throughout shiva.
what is in a hot toddy,"A hot toddy, also hot totty, and hot tottie, is typically a mixed drink made of liquor and water with sugar and spices and served hot.","They were once believed to relieve the symptoms of the cold and flu — in How to Drink, Victoria Moore describes the drink as ""the vitamin C for health, the honey to soothe, the alcohol to numb"" — but the American Lung Association recommends avoiding treating the common cold with alcoholic beverages as they cause dehydration ."
what is name of national anthem song of switzerland,"The Swiss Psalm (, , , ) is the national anthem of Switzerland .",The Federal Council declined however on numerous occasions to accept the psalm as the official anthem.
what was the first year of kentucky derby,"Unlike the Preakness and Belmont Stakes, which took hiatuses in 1891-1893 and 1911-1912 respectively, the Kentucky Derby has been run every consecutive year since 1875.",Colts and geldings carry and fillies .
what is the color puce,"Puce (often misspelled as ""puse"", ""peuse"" or ""peuce"") is defined in the United States as a brownish-purple color.","In the UK, it is defined as a purple brown or a dark red."
who is Dr. JB Danquah,"Nana Joseph Kwame Kyeretwie Boakye Danquah (December 1895 – 4 February 1965) was a Ghanaian statesman , pan-Africanist , scholar and historian .","During his political career, he was one of the primary opposition leaders to Ghanaian president and independence leader Kwame Nkrumah ."
where is big pokey from,"Milton Powell (born December 4, 1977), better known by his stage name Big Pokey, is a rap artist from Houston, Texas and is one of the original members of the Screwed Up Click .","In 2001, he collaborated with the Wreckshop Wolfpack for Collabo and then returned in 2002 with another solo album, "" Da Sky's Da Limit ""."
what is the erb/heart,"In cardiology, Erb's point refers to the third intercostal space on the left sternal border where S2 is best auscultated .",It is essentially the same location as what is referred to with left lower sternal border (LLSB).
what is the fundamental theorem of calculus used for,"The first part of the theorem, sometimes called the first fundamental theorem of calculus, shows that an indefinite integration can be reversed by a differentiation.",The first published statement and proof of a restricted version of the fundamental theorem was by James Gregory (1638–1675).
what is nicki minaj real name,"Onika Tanya Maraj (born December 8, 1982), known by her stage name Nicki Minaj (), is a Trinidadian-born American rapper, singer, songwriter and television personality.","Born in Saint James , Port of Spain and raised in Jamaica, Queens , New York City , she enrolled in performing art schools as a child."
who is suicide tna,Suicide is a fictional character from TNA Impact!,"Though having been primarily portrayed by Frankie Kazarian , Christopher Daniels took up the mantle for a time in early 2009 and went on to win the X Division Championship ."
who is st patty?,"It is named after Saint Patrick ( AD 385–461), the most commonly recognised of the patron saints of Ireland .","Saint Patrick's Day or the Feast of Saint Patrick (, ""the Day of the Festival of Patrick"") is a cultural and religious holiday celebrated on 17 March."
when was Mary Anderson born,"Mary Anderson (1866–1953) was a real estate developer, rancher, viticulturist and inventor of the windshield wiper blade.","In November 1903 Anderson was granted her first patent for an automatic car window cleaning device controlled inside the car, called the windshield wiper."
what is stent surgery,"In the technical vocabulary of medicine , a stent is a mesh 'tube' inserted into a natural passage/conduit in the body to prevent or counteract a disease-induced, localized flow constriction.",The term may also refer to a tube used to temporarily hold such a natural conduit open to allow access for surgery.
where is the tibia location,"The tibia (), shinbone or shankbone, is the larger and stronger of the two bones in the leg below the knee in vertebrates (the other being the fibula ), and connects the knee with the ankle bones .",It is commonly recognized as the strongest weightbearing bone of the body.
What is the prostate for?,"The prostate (from Greek προστάτης – prostates, literally ""one who stands before"", ""protector"", ""guardian"") is a compound tubuloalveolar exocrine gland of the male reproductive system in most mammals .","It differs considerably among species anatomically , chemically , and physiologically ."
where is the sermon on the mount in the bible,"The Sermon on the Mount ( anglicized from the Matthean Vulgate Latin section title: Sermo in monte) is a collection of sayings and teachings of Jesus , which emphasizes his moral teaching found in the Gospel of Matthew (chapters 5 , 6 and 7 ).","It includes some of the best known teachings of Jesus, such as the Beatitudes , and the widely recited Lord's Prayer ."
what is sado masochism,Sadomasochism is the giving and/or receiving of pleasure—often sexual—from acts involving the infliction or reception of pain or humiliation .,"The acronym S&M is often used for sadomasochism, although practitioners themselves normally drop the & and use the acronym SM or S/M. Sadomasochism is not considered a clinical paraphilia unless such practices lead to clinically significant distress or impairment for a diagnosis."
what is the oath of allegiance of the united states,"The United States Oath of Allegiance (officially referred to as the ""Oath of Allegiance,"" 8 C.F.R. Part 337 (2008)) is an oath that must be taken by all immigrants who wish to become United States citizens .",The current oath is as follows:
what is the la tour de france,"The Tour de France () is an annual multiple stage bicycle race primarily held in France , while also occasionally making passes through nearby countries.","The Tour is a UCI World Tour event, which means that the teams that compete in the race are mostly UCI ProTeams , with the exception of the teams that the organizers invite."
what is the social norm approach?,"The social norms approach, or social norms marketing, is an environmental strategy gaining ground in health campaigns.","While conducting research in the mid-1980s, two researchers, H.W. Perkins and A.D. Berkowitz , reported that students at a small U.S. college held exaggerated beliefs about the normal frequency and consumption habits of other students with regard to alcohol."
what city was the convention when gerald ford was nominated,"Held in Kemper Arena in Kansas City , Missouri , the convention nominated President Gerald Ford for a full term, but only after narrowly defeating a strong challenge from former California Governor Ronald Reagan .","The 1976 Republician National Convention was a United States political convention of the Republican Party that met from August 16 to August 19, 1976 to select the party's nominee for President ."
what is doxycycline hyclate used for,"Doxycycline is a member of the tetracycline antibiotics group, and is commonly used to treat a variety of infections .",Generic 100 mg doxycycline capsules
when was the tacoma bridge collapse?,"The bridge became known for its pitching deck, and collapsed into Puget Sound the morning of November 7, 1940, under high wind conditions.","Tolls were charged on the bridge for the entire four-month service life of the original span, as well as the first 15 years of the 1950 bridge."
what is brown flax,It is a food and fibre crop that is grown in cooler regions of the world.,"New Zealand flax is not related to flax but was named after it, as both plants are used to produce fibers."
who was mr big on sex and the city,"John James ""Mr. Big"" Preston is a recurring fictional character in the HBO series Sex and the City , portrayed by Chris Noth .",Big appeared in Comcast 's list of TV's Most Intriguing Characters.
what is the actresses name that played in walk that line?,"The film was nominated for five Academy Awards including Best Actor (Joaquin Phoenix), Best Actress (Reese Witherspoon, which she won), and Best Costume Design ( Arianne Phillips ).",Walk the Line is a 2005 American biographical drama film directed by James Mangold and based on the early life and career of country music artist Johnny Cash .
what is the definition of a map,"A map is a visual representation of an areaa symbolic depiction highlighting relationships between elements of that space such as objects , regions , and themes .","Many maps are static two-dimensional, geometrically accurate (or approximately accurate) representations of three-dimensional space , while others are dynamic or interactive, even three-dimensional."
when was How the west was won filmed?,How the West Was Won is a 1962 American epic - Western film.,The screenplay was written by John Gay (uncredited) and James R. Webb .
who is on blink 182 album cover,The cover artwork for Enema of the State features porn star Janine Lindemulder famously clad in a nurse uniform.,Enema of the State is the third studio album by American rock band Blink-182 .
what was the actress who played the pink power ranger,"She was played by actress Amy Jo Johnson during the first three seasons of the show, plus on the two feature films of the franchise.",Kimberly spent three years as a Ranger before giving up her powers for good to Zordon's new alumna Katherine Hillard .
where is al jazeera based,"Al Jazeera ( ' , literally ""The Island"", abbreviating "" The [Arabian] Peninsula ""), also known as Aljazeera and JSC (Jazeera Satellite Channel), is a broadcaster owned by the privately held Al Jazeera Media Network and headquartered in Doha , Qatar .","The original Al Jazeera channel's willingness to broadcast dissenting views, for example on call-in shows, created controversies in the Arab States of the Persian Gulf ."
what is the purpose of child support?,"In family law and public policy, child support (or child maintenance) is an ongoing, periodic payment made by a parent for the financial benefit of a child following the end of a marriage or other relationship.","Where there is joint custody, the child is considered to have two custodial parents and no non-custodial parents, and a custodial parent with a higher income (obligor) may be required to pay the other custodial parent (obligee)."
where was martin luther king shot?,"King was assassinated on April 4, 1968, in Memphis, Tennessee .","In 1965, he and the SCLC helped to organize the Selma to Montgomery marches and the following year, he took the movement north to Chicago ."
where is La Palma africa,La Palma () is the most north-westerly of the Canary Islands .,"The total population is about 86,000, of which 18,000 (2003 data) live in the capital, Santa Cruz de la Palma and about 20,000 (2004 data) in Los Llanos de Aridane ."
where was hillary clinton born,"A native of Illinois , Hillary Rodham first attracted national attention in 1969 for her remarks as the first student commencement speaker at Wellesley College .","Clinton introduced the Quadrennial Diplomacy and Development Review process to the State Department, seeking to maximize departmental effectiveness and promote the empowerment of women worldwide, and used "" smart power "" as the strategy for asserting U.S. leadership and values in the world."
Who was Daniel J Daly?,"Sergeant Major Daniel Joseph ""Dan"" Daly (November 11, 1873 – April 27, 1937) was a United States Marine and one of only nineteen men (including seven Marines) to have received the Medal of Honor twice .","Do you want to live forever?"""
what is the type of democracy in which all citizens have the right to make  government decisions,Democracy is a form of government in which all eligible citizens have an equal say in the decisions that affect their lives.,A woman casts her vote in the second round of the French presidential election of 2007
where was the first real roller coaster,"The Scenic Railway at Luna Park, Melbourne , is the world's oldest continually-operating roller coaster, built in 1912.",Two or more cars hooked together are called a train .
where was martin luther born,"Martin Luther (; 10 November 1483 – 18 February 1546) was a German monk , former Catholic priest , professor of theology and seminal figure of a reform movement in sixteenth century Christianity , subsequently known as the Protestant Reformation .","In his later years, in deteriorating health, Luther became increasingly antisemitic , writing that Jewish homes should be destroyed, their synagogues burned, money confiscated and liberty curtailed."
"what is the concept of ""wellness"" ?","Wellness is generally used to mean a healthy balance of the mind, body and spirit that results in an overall feeling of well-being .",These kinds of wellness programs offer alternative medicine techniques to improve wellness.
what is the measurements of saturn's moons,"Saturn has 62 moons with confirmed orbits, 53 of which have names and only 13 of which have diameters larger than 50 kilometers.",The regular satellites are traditionally named after Titans and Titanesses or other figures associated with the mythological Saturn .
who is the founder of twitter,"Twitter was created in March 2006 by Jack Dorsey and by July, the social networking site was launched.","Twitter is an online social networking service and microblogging service that enables its users to send and read text-based messages of up to 140 characters , known as ""tweets""."
what is google openid,"OpenID is an open standard that allows users to be authenticated by certain co-operating sites (known as Relying Parties or RP) using a third party service, eliminating the need for webmasters to provide their own ad hoc systems and allowing users to consolidate their digital identities .",The OpenID logo
what is atherosclerotic heart disease,Atherosclerosis (also known as arteriosclerotic vascular disease or ASVD) is a condition in which an artery wall thickens as a result of the accumulation of fatty materials such as cholesterol and triglyceride .,"These complications of advanced atherosclerosis are chronic, slowly progressive and cumulative."
what was the name of the uss john kennedy before,"USS John F. Kennedy (CV-67) (formerly CVA-67) is the only ship of her class, a subclass of the Kitty Hawk-class aircraft carrier , and the last conventionally powered carrier built for the United States Navy .","She is berthed at the NAVSEA Inactive Ships On-site Maintenance facility in Philadelphia, Pennsylvania ."
what were 3 important things that douglas MacArthur did?,"He officially accepted Japan's surrender on 2 September 1945, and oversaw the occupation of Japan from 1945 to 1951.",MacArthur was recalled to active duty in 1941 as commander of United States Army Forces in the Far East .
what is homebrew for wii,Wii homebrew refers to the reuse of Nintendo 's Wii game console to run software that has not been authorized by Nintendo .,It achieves this by defeating the Wii 's copy protection and code signing measures.
what is korean money called,The won () ( sign : ₩; code : KRW) is the currency of South Korea .,"A single won is divided into 100 jeon, the monetary subunit."
what is in fruitcake,"Fruit cake (or fruitcake) is a cake made with chopped candied fruit and/or dried fruit , nuts , and spices , and (optionally) soaked in spirits .","In the United Kingdom , certain rich versions may be iced and decorated ."
what is the latest season of psych,"Psych began its seventh season on February 27, 2013.",It is produced by Franks and Tagline Television's Chris Henze & Kelly Kulchak.
what is the main component of vaccines,"The agent stimulates the body's immune system to recognize the agent as foreign, destroy it, and ""remember"" it, so that the immune system can more easily recognize and destroy any of these microorganisms that it later encounters.",Jonas Salk in 1955 holds two bottles of a culture used to grow polio vaccines.
how is jerky made,"Modern manufactured jerky is normally marinated in a seasoned spice rub or liquid, and dried, dehydrated or smoked with low heat (usually under 70 °C/160 °F).","All that is needed to produce basic ""jerky"" is a low-temperature drying method, and salt to inhibit bacterial growth."
who are all of the jonas brothers,"Formed in 2005, they have gained popularity from the Disney Channel children's television network and consists of three brothers from Wyckoff, New Jersey ; Paul Kevin Jonas II , Joseph Adam Jonas and Nicholas Jerry Jonas .","The band has released four albums: It's About Time , Jonas Brothers , A Little Bit Longer , and Lines, Vines and Trying Times , with an upcoming fifth studio album due for release in 2013."
who is mary matalin married to,She is married to Democratic political consultant James Carville .,"Matalin has been chief editor of Threshold Editions , a conservative publishing imprint at Simon & Schuster , since March 2005."
where is the brisket from,Brisket is a cut of meat from the breast or lower chest of beef or veal .,The brisket muscles include the superficial and deep pectorals.
what did tycho brahe do,Tycho was well known in his lifetime as an astronomer and alchemist .,"In his De nova stella (On the new star) of 1573, he refuted the Aristotelian belief in an unchanging celestial realm ."
how old r Dylan and Cole Sprouse,"Dylan Thomas Sprouse and Cole Mitchell Sprouse (born August 4, 1992) are American actors.","As a result of the series' success, the media has termed them ""heartthrobs"" and ""overwhelming draws"" among preteen and teen audiences."
what does s.h.i.e.l.d stand for,"The acronym originally stood for Supreme Headquarters, International Espionage, Law-Enforcement Division.","Created by Stan Lee and Jack Kirby in Strange Tales #135 (Aug. 1965), it often deals with superhuman threats."
how are antibodies used in,"An antibody (Ab), also known as an immunoglobulin (Ig), is a large Y-shaped protein produced by B-cells that is used by the immune system to identify and neutralize foreign objects such as bacteria and viruses .",Each antibody binds to a specific antigen ; an interaction similar to a lock and key.
what day is st. patricks day,"Saint Patrick's Day or the Feast of Saint Patrick (, ""the Day of the Festival of Patrick"") is a cultural and religious holiday celebrated on 17 March.","It is also widely celebrated by the Irish diaspora around the world; especially in Britain, Canada, the United States, Argentina, Australia and New Zealand."
how many books are included in the protestant Bible?,Christian Bibles range from the sixty-six books of the Protestant canon to the eighty-one books of the Ethiopian Orthodox Tewahedo Church canon.,"The first part of Christian Bibles is the Old Testament , which contains, at minimum, the twenty-four books of the Hebrew Bible divided into thirty-nine books and ordered differently from the Hebrew Bible."
what became of rich on price is right,"Fields can also be heard on the radio on K-EARTH 101 KRTH , KNX-AM and KFWB in Los Angeles.","Richard Wayne ""Rich"" Fields is an American broadcaster, spokesman, announcer and meteorologist , best known for being the announcer of the American version of The Price Is Right from 2004–2010."
how did women's role change during the war,"Whether it was on the home front or the front-lines, for civilian or enlisted women, the World Wars started a new era for women's opportunities to contribute in war and be recognized for efforts outside of the home.","In many countries the need for female participation in the First World War was seen as almost necessary, as unprecedented numbers of men were wounded and killed."
how many seasons were there of the wire,"The Wire premiered on June 2, 2002, and ended on March 9, 2008, comprising 60 episodes over five seasons.",Each season of The Wire focuses on a different facet of the city of Baltimore.
how many humps on a camel,"The two surviving species of camel are the dromedary , or one-humped camel, which is native to the Middle East and the Horn of Africa ; and the Bactrian , or two-humped camel, which inhabits Central Asia .","Both species have been domesticated; they provide milk , meat, hair for textiles or goods such as felted pouches, and are working animals ."
what can be powered by wind,"Wind power is the conversion of wind energy into a useful form of energy, such as using wind turbines to make electrical power , windmills for mechanical power, wind pumps for water pumping or drainage , or sails to propel ships.",Small onshore wind farms provide electricity to isolated locations.
what county is jacksonville florida in,"It is the county seat of Duval County , with which the city government consolidated in 1968.","The area was originally inhabited by the Timucua people, and in 1564 was the site of the French colony of Fort Caroline , one of the earliest European settlements in what is now the continental United States."
what does a liquid oxygen plant look like,The blue color of liquid oxygen in a dewar flask,"Liquid oxygen — abbreviated LOx, LOX or Lox in the aerospace , submarine and gas industries — is one of the physical forms of elemental oxygen ."
how a water pump works,"Pumps operate by some mechanism (typically reciprocating or rotary ), and consume energy to perform mechanical work by moving the fluid.","Pumps operate via many energy sources, including manual operation, electricity, engines , or wind power ."
What does Human sperm consist of?,"In humans, seminal fluid contains several components besides spermatozoa: proteolytic and other enzymes as well as fructose are elements of seminal fluid which promote the survival of spermatozoa and provide a medium through which they can move or ""swim"".","Semen, also known as seminal fluid, is an organic fluid that may contain spermatozoa ."
what does alkali do to liquids?,Some authors also define an alkali as a base that dissolves in water .,This broad use of the term is likely to have come about because alkalis were the first bases known to obey the Arrhenius definition of a base and are still among the more common bases.
how jameson irish whiskey is made,"Jameson is similar in its adherence to the single distillery principle to the single malt tradition, but Jameson blends column still spirit with Single pot still whiskey , a combination of malted barley with unmalted or ""green"" barley distilled in a pot still.",Jameson is a single distillery Irish whiskey produced by a division of the French distiller Pernod Ricard .
what does gloria in excelsis deo mean,"""Gloria in excelsis Deo"" ( Latin for ""Glory to God in the highest"") is a hymn known also as the Greater Doxology (as distinguished from the ""Minor Doxology"" or Gloria Patri ) and the Angelic Hymn.","It is an example of the psalmi idiotici (""private psalms"", i.e. compositions by individuals in imitation of the biblical Psalter ) that were popular in the 2nd and 3rd centuries."
how many grams in a troy ounce of gold,"The troy ounce is 480 grains, compared with the avoirdupois ounce, which is 4371⁄2 grains.",Troy weight is a system of units of mass customarily used for precious metals and gemstones .
how much of our universe does plasma make up,"In the universe , plasma is the most common state of matter for ordinary matter , most of which is in the rarefied intergalactic plasma (particularly intracluster medium ) and in stars.","Plasma (from Greek πλάσμα, ""anything formed"") is one of the four fundamental states of matter (the others being solid , liquid , and gas )."
what circuit court is maryland,The Circuit Courts of Maryland are the state trial courts of general jurisdiction in Maryland.,Probate and estate matters are handled by a separate Orphans' Court .
how often does ham station need to ID?,"Station identification used to be done regularly by an announcer at the halfway point during the presentation of a television program, or in between programs.","This may be to satisfy requirements of licensing authorities, a form of branding or a combination of both."
how many days are in a leap year,"For example, in the Gregorian calendar (a common solar calendar), February in a leap year has 29 days instead of the usual 28, so the year lasts 366 days instead of the usual 365.",A year that is not a leap year is called a common year .
HOW MUCH IS CENTAVOS IN MEXICO,"The peso is subdivided into 100 centavos, represented by "" ¢ "".",The literal English translation of the Spanish word peso is weight.
what county is bethlehem pa in,"Bethlehem is a city in Lehigh and Northampton Counties in the Lehigh Valley region of eastern Pennsylvania , in the United States.","The Valley embraces a trio of cities (Bethlehem, Allentown and Easton ) within two counties (Lehigh and Northampton), making it Pennsylvania's third-largest metropolitan area ."
what company is cricket wireless by,"The company is a subsidiary of Leap Wireless , utilizing its CDMA 1X, 1xEV-DO and LTE networks.",Leap Wireless owns and operates the seventh largest wireless telecommunications network in the United States.
how many numbers on a credit card,"An ISO/IEC 7812 card number is typically 16 digits in length, and consists of:","The bank card number merely identifies the card, which is then electronically associated by the issuing organisation with one of its customers and then to the customer's designated bank account /s."
what does hair testing show,"A drug test is a technical analysis of a biological specimen – for example urine, hair, blood, sweat, or oral fluid / saliva – to determine the presence or absence of specified parent drugs or their metabolites .",Barbiturates
How long was Mickie James with WWE?,"James appeared in World Wrestling Entertainment (WWE) in October 2005 and was placed in a storyline with Trish Stratus , in which James' gimmick was that of Stratus' biggest fan turned obsessed stalker, an angle which lasted almost a year.","She received a push , and she won her first WWE Women's Championship at WrestleMania 22 , a title she has held a total of five times."
how did John F. Kennedy die?,"Kennedy was assassinated on November 22, 1963 in Dallas , Texas.","John Fitzgerald ""Jack"" Kennedy (May 29, 1917 – November 22, 1963), often referred to by his initials JFK, was the 35th President of the United States , serving from 1961 until his death in 1963."
how many members are in the house of representatives,The total number of voting representatives is fixed by law at 435.,It is frequently referred to as the House.
what does uncle sam represent to the american people,"Uncle Sam (initials U.S.) is a common national personification of the American government that, according to legend, came into use during the War of 1812 and was supposedly named for Samuel Wilson .","For ’lasses cakes, to carry home"
what does karma mean in buddhism,"As one scholar states, ""the Buddhist theory of action and result (karmaphala) is fundamental to much of Buddhist doctrine, because it provides a coherent model of the functioning of the world and its beings, which in turn forms the doctrinal basis for the Buddhist explanations of the path of liberation from the world and its result, nirvāṇa .""","In the early texts it is not, however, the only causal mechanism influencing the lives of sentient beings."
how do insulin syringes work,"The plunger can be pulled and pushed along inside a cylindrical tube (called a barrel), allowing the syringe to take in and expel a liquid or gas through an at the open end of the tube.",A syringe is a simple pump consisting of a plunger that fits tightly in a tube.
how did david carradine die,"He died on June 3, 2009, apparently of auto-erotic asphyxiation .","A prolific ""B"" movie actor, he appeared in more than 100 feature films and was nominated four times for a Golden Globe Award ."
what causes a small bowel obstruction,"Bowel obstruction (or intestinal obstruction) is a mechanical or functional obstruction of the intestines, preventing the normal transit of the products of digestion.","Surgical procedures are performed on occasion however in life-threatening cases, such as when the root cause is a fully lodged foreign object or malignant tumor ."
how was the president involved in the gulf war,"U.S. President George H. W. Bush deployed U.S. forces into Saudi Arabia , and urged other countries to send their own forces to the scene.",Saudi Arabia paid around US$36 billion of the US$60 billion cost.
what county is bolingbrook il in?,Bolingbrook is a large village in Will and DuPage Counties in the U.S. state of Illinois .,"As of the 2010 US Census, the population is 73,366."
how many amendments in us,The Constitution has been amended seventeen additional times (for a total of twenty-seven amendments).,The Constitution of the United States is the supreme law of the United States of America .
How many Muslims live in the United Kingdom?,"The vast majority of Muslims in the United Kingdom live in England and Wales : of 1,591,000 Muslims recorded at the 2001 Census, 1,536,015 were living in England and Wales , where they formed 3% of the population in 2001; 42,557 were living in Scotland , forming 0.84% of the population; and 1,943 were living in Northern Ireland .","Islam has been present in the United Kingdom since its formation in 1707, though it was not legally recognised until the Trinitarian Act in 1812."
how many players on a side for a football game,"It is played by two teams, eleven players to a side, who advance an oval ball over a rectangular field that is 120 yards long by 53.3 yards wide and has goalposts at both ends.","The offense can score points by advancing the ball into the end zone (a touchdown ) or by kicking the ball through the opponent's goalpost (a field goal ), while the defense can score points by forcing an offensive turnover and advancing the ball into the offense's end zone or by tackling the ballcarrier in the offense's end zone (a safety )."
how long to take iwo jima,"The Battle of Iwo Jima (19 February – 26 March 1945), or Operation Detachment, was a major battle in which the United States Armed Forces fought for and captured the island of Iwo Jima from the Japanese Empire .","Of the 22,000 Japanese soldiers on Iwo Jima at the beginning of the battle, only 216 were taken prisoner."
what creates a cloud,"In meteorology , a cloud is a visible mass of liquid droplets or frozen crystals made of water or various chemicals suspended in the atmosphere above the surface of a planetary body.","While a majority of clouds form in Earth's troposphere, there are occasions when clouds in the stratosphere and mesosphere can be observed."
what day is 2011 super bowl?,"The game was played on February 6, 2011, at Cowboys Stadium in Arlington, Texas , the first time the Super Bowl was played in the Dallas–Fort Worth area.","Unlike other matchups, this game featured two title-abundant franchises: coming into the game, the Packers held the most NFL championships with 12 (9 league championships prior to the Super Bowl era and 3 Super Bowl championships), while the Steelers held the most Super Bowl championships with 6."
how many mvps has kobe bryant won,"He has won the All-Star MVP Award four times ( 2002 , 2007 , 2009 , and 2011 ), tying him for the most All Star MVP Awards in NBA history.",Sporting News and TNT named Bryant the top NBA player of the 2000s.
how many asian indians live in usa,"Indian Americans are citizens of the United States of Indian ancestry and comprise about 3.18 million people, or ~1.0% of the U.S. population, the country's third largest self-reported Asian ancestral group after Chinese Americans and Filipino Americans according to American Community Survey of 2010 data.",The U.S. Census Bureau uses the term Asian Indian to avoid confusion with the indigenous peoples of the Americas commonly referred to as American Indians .
what happened to george o'malley on grey's anatomy?,"Despite this, his death received mixed feedback.","The character was created by series producer Shonda Rhimes , and was portrayed by actor T. R. Knight from 2005 to 2009."
how much did yankee stadium cost,"Also controversial was the price tag of $1.5 billion, which makes it not only the most expensive baseball stadium ever built, but the second-most expensive stadium of any kind (after MetLife Stadium in East Rutherford, New Jersey ).",The stadium was built on what had been of public parkland.
What happened during the Starving Time in Jamestown?,Lack of access to water and a relatively dry rain season crippled the agricultural production of the colonists.,"On June 7, 1610 the survivors boarded ships, abandoned the colony site, and sailed towards the Chesapeake Bay , where another supply convoy with new supplies and headed by a newly appointed governor, Thomas West, Baron De La Warr , intercepted them on the lower James River and returned them to Jamestown."
what food is in afghan,"Accompanying these staples are dairy products ( yogurt and whey ), various nuts , and native vegetables, as well as fresh and dried fruits; Afghanistan is well known for its grapes .",Afghanistan 's culinary specialties reflect its ethnic and geographic diversity.
how kimberlite pipes form,Volcanic pipes are relatively rare.,They are considered to be a type of diatreme .
what county is coatesville indiana located in,"Coatesville is a town in Clay Township , Hendricks County , Indiana , United States .",The population was 523 at the 2010 Census .
what does continuous improvement mean,"A continual improvement process, also often called a continuous improvement process (abbreviated as CIP or CI), is an ongoing effort to improve products, services, or processes.","Delivery (customer valued) processes are constantly evaluated and improved in the light of their efficiency, effectiveness and flexibility."
